gap_bits,trial,n_bits,success,time_s,iterations,gap_bits_actual,predicted_iterations
100,0,2048,True,1.802100001668805e-05,1,100,1
100,1,2048,True,2.7850999998690895e-05,1,100,1
100,2,2048,True,2.4075999988326657e-05,1,100,1
100,3,2048,True,3.465899999355315e-05,1,100,1
100,4,2048,True,4.0046999998821775e-05,1,100,1
200,0,2048,True,1.830499999755375e-05,1,200,1
200,1,2048,True,2.325100001598912e-05,1,200,1
200,2,2048,True,2.3107999993499106e-05,1,200,1
200,3,2048,True,1.6305000002603265e-05,1,200,1
200,4,2048,True,2.01169999911599e-05,1,200,1
300,0,2048,True,2.0387999995818973e-05,1,300,1
300,1,2048,True,1.9566000020176944e-05,1,300,1
300,2,2048,True,2.4366999980429682e-05,1,300,1
300,3,2048,True,1.8185999977049505e-05,1,300,1
300,4,2048,True,1.648200000659017e-05,1,300,1
400,0,2048,True,1.684800000134601e-05,1,400,1
400,1,2048,True,2.8364000002056855e-05,1,400,1
400,2,2048,True,1.7649000000119486e-05,1,400,1
400,3,2048,True,1.8813999986377894e-05,1,400,1
400,4,2048,True,1.7675999998800762e-05,1,400,1
450,0,2048,True,2.2508000000698303e-05,1,450,1
450,1,2048,True,1.8159999996214538e-05,1,450,1
450,2,2048,True,1.85330000022077e-05,1,450,1
450,3,2048,True,1.945699997918382e-05,1,450,1
450,4,2048,True,2.143899999396126e-05,1,450,1
500,0,2048,True,1.8288000006805305e-05,1,500,1
500,1,2048,True,2.1653999993986872e-05,1,500,1
500,2,2048,True,4.017599999883714e-05,1,500,1
500,3,2048,True,2.1321000019725034e-05,1,500,1
500,4,2048,True,1.6886999986809315e-05,1,500,1
505,0,2048,True,1.7145000015261758e-05,1,505,1
505,1,2048,True,1.996999998254978e-05,1,505,1
505,2,2048,True,1.7749999983607267e-05,1,505,1
505,3,2048,True,2.0593999977336352e-05,1,505,1
505,4,2048,True,1.8695999983719958e-05,1,505,1
510,0,2048,True,1.8393000004834903e-05,1,510,1
510,1,2048,True,1.7616000008047195e-05,1,510,1
510,2,2048,True,1.821300000415249e-05,1,510,1
510,3,2048,True,1.9704999999703432e-05,1,510,1
510,4,2048,True,1.7772999996168437e-05,1,510,1
512,0,2048,True,1.823499999886735e-05,1,512,1
512,1,2048,True,1.7636000023912857e-05,1,512,1
512,2,2048,True,1.7776000021285654e-05,1,512,1
512,3,2048,True,1.930699997387819e-05,1,512,1
512,4,2048,True,1.801899998099543e-05,1,512,1
514,0,2048,True,2.009400000702044e-05,3,514,2
514,1,2048,True,1.7682000020613486e-05,3,514,2
514,2,2048,True,1.8377999992935656e-05,1,514,1
514,3,2048,True,8.747399999720074e-05,3,514,2
514,4,2048,True,1.609299999927316e-05,1,514,1
516,0,2048,True,2.010500000437787e-05,14,516,13
516,1,2048,True,2.3056000003407462e-05,24,516,23
516,2,2048,True,2.4808999995684644e-05,37,516,36
516,3,2048,True,2.4166000002878718e-05,27,516,26
516,4,2048,True,1.971900002217808e-05,11,516,10
518,0,2048,True,0.00010944099997800549,517,518,516
518,1,2048,True,6.830800001011994e-05,279,518,278
518,2,2048,True,9.711100000231454e-05,444,518,443
518,3,2048,True,5.277099998579615e-05,208,518,207
518,4,2048,True,0.00011350200000492805,517,518,516
520,0,2048,True,0.0009258970000018962,4873,520,4872
520,1,2048,True,0.0012372549999781768,4327,520,4326
520,2,2048,True,0.0006889800000067225,3670,520,3669
520,3,2048,True,0.0014166189999968992,7684,520,7683
520,4,2048,True,0.00042544000001498716,2294,520,2293
522,0,2048,True,0.017294251999999233,89662,522,89661
522,1,2048,True,0.01735740600000213,90502,522,90501
522,2,2048,True,0.021718270999997458,81323,522,81322
522,3,2048,True,0.015442668999980924,81559,522,81558
522,4,2048,True,0.025175286000006736,135255,522,135254
524,0,2048,True,0.26638379700000314,1392855,524,1392854
524,1,2048,True,0.49343094100001395,2638007,524,2638006
524,2,2048,True,0.42614491500000895,2190095,524,2190094
524,3,2048,True,0.3224468919999879,1695644,524,1695643
524,4,2048,True,0.345026445999963,1613610,524,1613609
526,0,2048,False,3.163759586000026,16777216,526,32461817
526,1,2048,False,3.204916092000019,16777216,526,16991550
526,2,2048,False,3.1582762929999717,16777216,526,22085296
526,3,2048,False,3.1906381770000394,16777216,526,33843982
526,4,2048,False,3.1338346640000054,16777216,526,20633282
528,0,2048,False,3.21201139599998,16777216,528,362198354
528,1,2048,False,3.365370344999974,16777216,528,397245220
528,2,2048,False,3.2124357980000013,16777216,528,257782709
528,3,2048,False,3.4067495590000476,16777216,528,330531457
528,4,2048,False,3.2795852130000185,16777216,528,488044394
530,0,2048,False,3.2126831979999793,16777216,530,5804221332
530,1,2048,False,3.093955741000002,16777216,530,9216280577
530,2,2048,False,3.094109113000002,16777216,530,3085564453
530,3,2048,False,3.224003739000011,16777216,530,3431180626
530,4,2048,False,3.208618276999971,16777216,530,2785121204
